"DESCRIPTION","DURATION IN MS","NAME","PARENT SUITE","START TIME","STATUS","STOP TIME","SUB SUITE","SUITE","TEST CLASS","TEST METHOD"
"","41","getPet_WithInvalidIdFormat_ShouldReturn400()","","2026-10-03","passed","2026-10-03","","com.api.blueprint.integration.PetStoreIntegrationTest","com.api.blueprint.integration.PetStoreIntegrationTest","getPet_WithInvalidIdFormat_ShouldReturn400"
"","0","proseAroundTheFenceIsDropped()","","2026-10-03","passed","2026-10-03","","com.api.blueprint.ai.ClaudeClientTest.FenceStripping","com.api.blueprint.ai.ClaudeClientTest$FenceStripping","proseAroundTheFenceIsDropped"
"","33","Verify Pet Creation with Diverse Attributes & Boundaries DDT-Pet: Creating pet 'StatusNullPet' with status 'available' should return status 200","","2026-10-03","passed","2026-10-03","","com.api.blueprint.integration.PetStoreDdtTest","com.api.blueprint.integration.PetStoreDdtTest","createPet_PayloadValidation"
"","28","Verify Pet Creation with Diverse Attributes & Boundaries DDT-Pet: Creating pet 'Rocky' with status 'sold' should return status 200","","2026-10-03","passed","2026-10-03","","com.api.blueprint.integration.PetStoreDdtTest","com.api.blueprint.integration.PetStoreDdtTest","createPet_PayloadValidation"
"","51","Verify Pet Find By Status Endpoint with Various Query Inputs DDT-Status: Querying status 'sold' should return code 200","","2026-10-03","passed","2026-10-03","","com.api.blueprint.integration.PetStoreDdtTest","com.api.blueprint.integration.PetStoreDdtTest","findPetsByStatus_Validation"
"","38","Verify Pet Creation with Diverse Attributes & Boundaries DDT-Pet: Creating pet 'MaxNullUrls' with status 'available' should return status 200","","2026-10-03","passed","2026-10-03","","com.api.blueprint.integration.PetStoreDdtTest","com.api.blueprint.integration.PetStoreDdtTest","createPet_PayloadValidation"
"","1","surroundingWhitespaceIsTrimmed()","","2026-10-03","passed","2026-10-03","","com.api.blueprint.ai.ClaudeClientTest.ModelResolution","com.api.blueprint.ai.ClaudeClientTest$ModelResolution","surroundingWhitespaceIsTrimmed"
"","48","AI Generated (Dynamic): Invalid Data Type - photoUrls String instead of Array","","2026-10-03","skipped","2026-10-03","","com.api.blueprint.ai.AiDrivenDynamicTest","com.api.blueprint.ai.AiDrivenDynamicTest","generateIntelligentTestsFromSpec"
"","3412","testFindPetsByStatusContract(MockServer)","","2026-10-03","passed","2026-10-03","","com.api.blueprint.contract.PetStoreConsumerContractTest","com.api.blueprint.contract.PetStoreConsumerContractTest","testFindPetsByStatusContract"
"","45","AI Generated (Dynamic): Max Long ID boundary validation","","2026-10-03","passed","2026-10-03","","com.api.blueprint.ai.AiDrivenDynamicTest","com.api.blueprint.ai.AiDrivenDynamicTest","generateIntelligentTestsFromSpec"
"","208","testGetPetByIdContract(MockServer)","","2026-10-03","passed","2026-10-03","","com.api.blueprint.contract.PetStoreConsumerContractTest","com.api.blueprint.contract.PetStoreConsumerContractTest","testGetPetByIdContract"
"","29","Verify Order Creation Validation and Boundaries DDT-Order: Placing order petId=3, quantity=99, status=approved should return status 200","","2026-10-03","passed","2026-10-03","","com.api.blueprint.integration.PetStoreDdtTest","com.api.blueprint.integration.PetStoreDdtTest","storeOrder_Validation"
"","480","createUser_ShouldSucceed()","","2026-10-03","passed","2026-10-03","","com.api.blueprint.integration.PetStoreIntegrationTest","com.api.blueprint.integration.PetStoreIntegrationTest","createUser_ShouldSucceed"
"","31","Verify Order Creation Validation and Boundaries DDT-Order: Placing order petId=8, quantity=-100, status=placed should return status 200","","2026-10-03","passed","2026-10-03","","com.api.blueprint.integration.PetStoreDdtTest","com.api.blueprint.integration.PetStoreDdtTest","storeOrder_Validation"
"","29","Verify Pet Creation with Diverse Attributes & Boundaries DDT-Pet: Creating pet 'MaxNoUrls' with status 'available' should return status 200","","2026-10-03","passed","2026-10-03","","com.api.blueprint.integration.PetStoreDdtTest","com.api.blueprint.integration.PetStoreDdtTest","createPet_PayloadValidation"
"","31","Verify User Creation Endpoint and Data Validation Boundaries DDT-User: Creating user 'UserMaxLongId' should return status 200","","2026-10-03","passed","2026-10-03","","com.api.blueprint.integration.PetStoreDdtTest","com.api.blueprint.integration.PetStoreDdtTest","createUser_Validation"
"","146","getOrder_ShouldMatchCreatedDetails()","","2026-10-03","passed","2026-10-03","","com.api.blueprint.integration.PetStoreIntegrationTest","com.api.blueprint.integration.PetStoreIntegrationTest","getOrder_ShouldMatchCreatedDetails"
"Creates a pending pet and verifies findByStatus=pending lists it.","116","findPetByStatus_ShouldContainPendingPet()","","2026-10-03","passed","2026-10-03","","com.api.blueprint.integration.PetStoreIntegrationTest","com.api.blueprint.integration.PetStoreIntegrationTest","findPetByStatus_ShouldContainPendingPet"
"","120","getUser_ShouldReturnProfile()","","2026-10-03","passed","2026-10-03","","com.api.blueprint.integration.PetStoreIntegrationTest","com.api.blueprint.integration.PetStoreIntegrationTest","getUser_ShouldReturnProfile"
"","2","blankEnvironmentVariableFallsThroughToProperty()","","2026-10-03","passed","2026-10-03","","com.api.blueprint.ai.ClaudeClientTest.ModelResolution","com.api.blueprint.ai.ClaudeClientTest$ModelResolution","blankEnvironmentVariableFallsThroughToProperty"
"","33","Verify Pet Find By Status Endpoint with Various Query Inputs DDT-Status: Querying status 'invalid_enum_val' should return code 200","","2026-10-03","passed","2026-10-03","","com.api.blueprint.integration.PetStoreDdtTest","com.api.blueprint.integration.PetStoreDdtTest","findPetsByStatus_Validation"
"","132","getOrder_ShouldReturn404AfterDeletion()","","2026-10-03","passed","2026-10-03","","com.api.blueprint.integration.PetStoreIntegrationTest","com.api.blueprint.integration.PetStoreIntegrationTest","getOrder_ShouldReturn404AfterDeletion"
"","29","Verify User Creation Endpoint and Data Validation Boundaries DDT-User: Creating user 'UserNoPhone' should return status 200","","2026-10-03","passed","2026-10-03","","com.api.blueprint.integration.PetStoreDdtTest","com.api.blueprint.integration.PetStoreDdtTest","createUser_Validation"
"","41","getInventory_ShouldReturnActiveQuantities()","","2026-10-03","passed","2026-10-03","","com.api.blueprint.integration.PetStoreIntegrationTest","com.api.blueprint.integration.PetStoreIntegrationTest","getInventory_ShouldReturnActiveQuantities"
"","0","defaultModelIsUsedWhenNothingIsConfigured()","","2026-10-03","passed","2026-10-03","","com.api.blueprint.ai.ClaudeClientTest.ModelResolution","com.api.blueprint.ai.ClaudeClientTest$ModelResolution","defaultModelIsUsedWhenNothingIsConfigured"
"","32","getUser_NonExistent_ShouldReturn404()","","2026-10-03","passed","2026-10-03","","com.api.blueprint.integration.PetStoreIntegrationTest","com.api.blueprint.integration.PetStoreIntegrationTest","getUser_NonExistent_ShouldReturn404"
"","530","AI Generated (Dynamic): SQL Injection Vector in Name field","","2026-10-03","passed","2026-10-03","","com.api.blueprint.ai.AiDrivenDynamicTest","com.api.blueprint.ai.AiDrivenDynamicTest","generateIntelligentTestsFromSpec"
"","29","Verify Order Creation Validation and Boundaries DDT-Order: Placing order petId=7, quantity=-1, status=placed should return status 200","","2026-10-03","passed","2026-10-03","","com.api.blueprint.integration.PetStoreDdtTest","com.api.blueprint.integration.PetStoreDdtTest","storeOrder_Validation"
"","0","nullBecomesEmpty()","","2026-10-03","passed","2026-10-03","","com.api.blueprint.ai.ClaudeClientTest.FenceStripping","com.api.blueprint.ai.ClaudeClientTest$FenceStripping","nullBecomesEmpty"
"","41","AI Generated (Dynamic): SQL Injection in Enum Status Field","","2026-10-03","skipped","2026-10-03","","com.api.blueprint.ai.AiDrivenDynamicTest","com.api.blueprint.ai.AiDrivenDynamicTest","generateIntelligentTestsFromSpec"
"","43","logoutUser_ShouldSucceed()","","2026-10-03","passed","2026-10-03","","com.api.blueprint.integration.PetStoreIntegrationTest","com.api.blueprint.integration.PetStoreIntegrationTest","logoutUser_ShouldSucceed"
"","32","Verify Order Creation Validation and Boundaries DDT-Order: Placing order petId=5, quantity=2, status=placed should return status 200","","2026-10-03","passed","2026-10-03","","com.api.blueprint.integration.PetStoreDdtTest","com.api.blueprint.integration.PetStoreDdtTest","storeOrder_Validation"
"","30","Verify Order Creation Validation and Boundaries DDT-Order: Placing order petId=4, quantity=1000, status=delivered should return status 200","","2026-10-03","passed","2026-10-03","","com.api.blueprint.integration.PetStoreDdtTest","com.api.blueprint.integration.PetStoreDdtTest","storeOrder_Validation"
"","2","nonJsonAnswerYieldsEmpty()","","2026-10-03","passed","2026-10-03","","com.api.blueprint.ai.ClaudeClientTest.FenceStripping","com.api.blueprint.ai.ClaudeClientTest$FenceStripping","nonJsonAnswerYieldsEmpty"
"","32","Verify User Creation Endpoint and Data Validation Boundaries DDT-User: Creating user 'user_1' should return status 200","","2026-10-03","passed","2026-10-03","","com.api.blueprint.integration.PetStoreDdtTest","com.api.blueprint.integration.PetStoreDdtTest","createUser_Validation"
"","164","createUsersWithList_ShouldCreateEveryUser()","","2026-10-03","passed","2026-10-03","","com.api.blueprint.integration.PetStoreIntegrationTest","com.api.blueprint.integration.PetStoreIntegrationTest","createUsersWithList_ShouldCreateEveryUser"
"","25","Verify Order Creation Validation and Boundaries DDT-Order: Placing order petId=17, quantity=1, status=placed should return status 200","","2026-10-03","passed","2026-10-03","","com.api.blueprint.integration.PetStoreDdtTest","com.api.blueprint.integration.PetStoreDdtTest","storeOrder_Validation"
"","31","Verify Pet Creation with Diverse Attributes & Boundaries DDT-Pet: Creating pet 'O'Connor' with status 'available' should return status 200","","2026-10-03","passed","2026-10-03","","com.api.blueprint.integration.PetStoreDdtTest","com.api.blueprint.integration.PetStoreDdtTest","createPet_PayloadValidation"
"","30","Verify Pet Creation with Diverse Attributes & Boundaries DDT-Pet: Creating pet 'Bella' with status 'pending' should return status 200","","2026-10-03","passed","2026-10-03","","com.api.blueprint.integration.PetStoreDdtTest","com.api.blueprint.integration.PetStoreDdtTest","createPet_PayloadValidation"
"","29","Verify Pet Creation with Diverse Attributes & Boundaries DDT-Pet: Creating pet 'NegativeIdPet' with status 'available' should return status 200","","2026-10-03","passed","2026-10-03","","com.api.blueprint.integration.PetStoreDdtTest","com.api.blueprint.integration.PetStoreDdtTest","createPet_PayloadValidation"
"","1","realLookingKeyIsConfigured()","","2026-10-03","passed","2026-10-03","","com.api.blueprint.ai.ClaudeClientTest.ApiKey","com.api.blueprint.ai.ClaudeClientTest$ApiKey","realLookingKeyIsConfigured"
"","29","Verify User Creation Endpoint and Data Validation Boundaries DDT-User: Creating user 'NullUser' should return status 200","","2026-10-03","passed","2026-10-03","","com.api.blueprint.integration.PetStoreDdtTest","com.api.blueprint.integration.PetStoreDdtTest","createUser_Validation"
"","32","Verify Pet Creation with Diverse Attributes & Boundaries DDT-Pet: Creating pet 'Max@123' with status 'available' should return status 200","","2026-10-03","passed","2026-10-03","","com.api.blueprint.integration.PetStoreDdtTest","com.api.blueprint.integration.PetStoreDdtTest","createPet_PayloadValidation"
"","28","Verify Pet Creation with Diverse Attributes & Boundaries DDT-Pet: Creating pet 'MaxNoCategory' with status 'available' should return status 200","","2026-10-03","passed","2026-10-03","","com.api.blueprint.integration.PetStoreDdtTest","com.api.blueprint.integration.PetStoreDdtTest","createPet_PayloadValidation"
"","29","Verify Order Creation Validation and Boundaries DDT-Order: Placing order petId=19, quantity=1, status=placed should return status 200","","2026-10-03","passed","2026-10-03","","com.api.blueprint.integration.PetStoreDdtTest","com.api.blueprint.integration.PetStoreDdtTest","storeOrder_Validation"
"","26","Verify Order Creation Validation and Boundaries DDT-Order: Placing order petId=-1, quantity=1, status=placed should return status 200","","2026-10-03","passed","2026-10-03","","com.api.blueprint.integration.PetStoreDdtTest","com.api.blueprint.integration.PetStoreDdtTest","storeOrder_Validation"
"","30","Verify Order Creation Validation and Boundaries DDT-Order: Placing order petId=12, quantity=1, status=null should return status 200","","2026-10-03","passed","2026-10-03","","com.api.blueprint.integration.PetStoreDdtTest","com.api.blueprint.integration.PetStoreDdtTest","storeOrder_Validation"
"","32","Verify Pet Find By Status Endpoint with Various Query Inputs DDT-Status: Querying status 'null_placeholder' should return code 200","","2026-10-03","passed","2026-10-03","","com.api.blueprint.integration.PetStoreDdtTest","com.api.blueprint.integration.PetStoreDdtTest","findPetsByStatus_Validation"
"","0","singleLineFenceIsRemoved()","","2026-10-03","passed","2026-10-03","","com.api.blueprint.ai.ClaudeClientTest.FenceStripping","com.api.blueprint.ai.ClaudeClientTest$FenceStripping","singleLineFenceIsRemoved"
"","0","propertyIsUsedWhenEnvironmentVariableIsAbsent()","","2026-10-03","passed","2026-10-03","","com.api.blueprint.ai.ClaudeClientTest.ModelResolution","com.api.blueprint.ai.ClaudeClientTest$ModelResolution","propertyIsUsedWhenEnvironmentVariableIsAbsent"
"","38","Verify Pet Find By Status Endpoint with Various Query Inputs DDT-Status: Querying status 'pending' should return code 200","","2026-10-03","passed","2026-10-03","","com.api.blueprint.integration.PetStoreDdtTest","com.api.blueprint.integration.PetStoreDdtTest","findPetsByStatus_Validation"
"","29","Verify User Creation Endpoint and Data Validation Boundaries DDT-User: Creating user 'UserNoStatus' should return status 200","","2026-10-03","passed","2026-10-03","","com.api.blueprint.integration.PetStoreDdtTest","com.api.blueprint.integration.PetStoreDdtTest","createUser_Validation"
"","102","deleteUser_ShouldSucceed()","","2026-10-03","passed","2026-10-03","","com.api.blueprint.integration.PetStoreIntegrationTest","com.api.blueprint.integration.PetStoreIntegrationTest","deleteUser_ShouldSucceed"
"","31","Verify Pet Creation with Diverse Attributes & Boundaries DDT-Pet: Creating pet 'VeryLongPetNameThatExceedsStandardExpectationsButShouldBeHandledGracefullyByTheDatabaseSystemWithoutTruncation' with status 'available' should return status 200","","2026-10-03","passed","2026-10-03","","com.api.blueprint.integration.PetStoreDdtTest","com.api.blueprint.integration.PetStoreDdtTest","createPet_PayloadValidation"
"","1","missingBlankOrPlaceholderKeyIsNotConfigured(String) [4] your-api-key","","2026-10-03","passed","2026-10-03","","com.api.blueprint.ai.ClaudeClientTest.ApiKey","com.api.blueprint.ai.ClaudeClientTest$ApiKey","missingBlankOrPlaceholderKeyIsNotConfigured"
"","28","Verify Order Creation Validation and Boundaries DDT-Order: Placing order petId=10, quantity=2, status=unknown should return status 200","","2026-10-03","passed","2026-10-03","","com.api.blueprint.integration.PetStoreDdtTest","com.api.blueprint.integration.PetStoreDdtTest","storeOrder_Validation"
"","29","Verify Order Creation Validation and Boundaries DDT-Order: Placing order petId=9, quantity=999999, status=placed should return status 200","","2026-10-03","passed","2026-10-03","","com.api.blueprint.integration.PetStoreDdtTest","com.api.blueprint.integration.PetStoreDdtTest","storeOrder_Validation"
"","1","fencedJsonArrayIsParsed()","","2026-10-03","passed","2026-10-03","","com.api.blueprint.ai.ClaudeClientTest.FenceStripping","com.api.blueprint.ai.ClaudeClientTest$FenceStripping","fencedJsonArrayIsParsed"
"","0","plainTextIsOnlyTrimmed()","","2026-10-03","passed","2026-10-03","","com.api.blueprint.ai.ClaudeClientTest.FenceStripping","com.api.blueprint.ai.ClaudeClientTest$FenceStripping","plainTextIsOnlyTrimmed"
"","26","Verify Order Creation Validation and Boundaries DDT-Order: Placing order petId=18, quantity=1, status=placed should return status 500","","2026-10-03","passed","2026-10-03","","com.api.blueprint.integration.PetStoreDdtTest","com.api.blueprint.integration.PetStoreDdtTest","storeOrder_Validation"
"","31","Verify Pet Creation with Diverse Attributes & Boundaries DDT-Pet: Creating pet 'Shadow_1' with status 'available' should return status 200","","2026-10-03","passed","2026-10-03","","com.api.blueprint.integration.PetStoreDdtTest","com.api.blueprint.integration.PetStoreDdtTest","createPet_PayloadValidation"
"","34","Verify Pet Creation with Diverse Attributes & Boundaries DDT-Pet: Creating pet '12345' with status 'available' should return status 200","","2026-10-03","passed","2026-10-03","","com.api.blueprint.integration.PetStoreDdtTest","com.api.blueprint.integration.PetStoreDdtTest","createPet_PayloadValidation"
"Deletes a pet with the api_key header and verifies the deleted id is echoed.","100","deletePet_ShouldPurgePetFromDatabase()","","2026-10-03","passed","2026-10-03","","com.api.blueprint.integration.PetStoreIntegrationTest","com.api.blueprint.integration.PetStoreIntegrationTest","deletePet_ShouldPurgePetFromDatabase"
"","28","Verify User Creation Endpoint and Data Validation Boundaries DDT-User: Creating user 'user_3' should return status 200","","2026-10-03","passed","2026-10-03","","com.api.blueprint.integration.PetStoreDdtTest","com.api.blueprint.integration.PetStoreDdtTest","createUser_Validation"
"Creates a pet with POST and verifies the stored record echoes the request.","91","createPet_ShouldReturnCreatedPet()","","2026-10-03","passed","2026-10-03","","com.api.blueprint.integration.PetStoreIntegrationTest","com.api.blueprint.integration.PetStoreIntegrationTest","createPet_ShouldReturnCreatedPet"
"","31","Verify Pet Creation with Diverse Attributes & Boundaries DDT-Pet: Creating pet 'Charlie' with status 'pending' should return status 200","","2026-10-03","passed","2026-10-03","","com.api.blueprint.integration.PetStoreDdtTest","com.api.blueprint.integration.PetStoreDdtTest","createPet_PayloadValidation"
"","73","AI Generated (Dynamic): Missing Required Name Field","","2026-10-03","skipped","2026-10-03","","com.api.blueprint.ai.AiDrivenDynamicTest","com.api.blueprint.ai.AiDrivenDynamicTest","generateIntelligentTestsFromSpec"
"","32","Verify User Creation Endpoint and Data Validation Boundaries DDT-User: Creating user 'user_5' should return status 200","","2026-10-03","passed","2026-10-03","","com.api.blueprint.integration.PetStoreDdtTest","com.api.blueprint.integration.PetStoreDdtTest","createUser_Validation"
"","32","Verify User Creation Endpoint and Data Validation Boundaries DDT-User: Creating user 'user-with-hyphens' should return status 200","","2026-10-03","passed","2026-10-03","","com.api.blueprint.integration.PetStoreDdtTest","com.api.blueprint.integration.PetStoreDdtTest","createUser_Validation"
"","1","missingBlankOrPlaceholderKeyIsNotConfigured(String) [2] ","","2026-10-03","passed","2026-10-03","","com.api.blueprint.ai.ClaudeClientTest.ApiKey","com.api.blueprint.ai.ClaudeClientTest$ApiKey","missingBlankOrPlaceholderKeyIsNotConfigured"
"","49","AI Generated (Dynamic): Extremely Long Name Buffer Validation","","2026-10-03","passed","2026-10-03","","com.api.blueprint.ai.AiDrivenDynamicTest","com.api.blueprint.ai.AiDrivenDynamicTest","generateIntelligentTestsFromSpec"
"","31","Verify User Creation Endpoint and Data Validation Boundaries DDT-User: Creating user 'user_2' should return status 200","","2026-10-03","passed","2026-10-03","","com.api.blueprint.integration.PetStoreDdtTest","com.api.blueprint.integration.PetStoreDdtTest","createUser_Validation"
"","28","Verify User Creation Endpoint and Data Validation Boundaries DDT-User: Creating user '' should return status 200","","2026-10-03","passed","2026-10-03","","com.api.blueprint.integration.PetStoreDdtTest","com.api.blueprint.integration.PetStoreDdtTest","createUser_Validation"
"","29","Verify Order Creation Validation and Boundaries DDT-Order: Placing order petId=1, quantity=1, status=placed should return status 200","","2026-10-03","passed","2026-10-03","","com.api.blueprint.integration.PetStoreDdtTest","com.api.blueprint.integration.PetStoreDdtTest","storeOrder_Validation"
"","26","Verify Order Creation Validation and Boundaries DDT-Order: Placing order petId=16, quantity=1, status=placed should return status 200","","2026-10-03","passed","2026-10-03","","com.api.blueprint.integration.PetStoreDdtTest","com.api.blueprint.integration.PetStoreDdtTest","storeOrder_Validation"
"","32","getPet_WithNonExistentId_ShouldReturn404()","","2026-10-03","passed","2026-10-03","","com.api.blueprint.integration.PetStoreIntegrationTest","com.api.blueprint.integration.PetStoreIntegrationTest","getPet_WithNonExistentId_ShouldReturn404"
"","50","AI Generated (Dynamic): Empty photoUrls array validation","","2026-10-03","passed","2026-10-03","","com.api.blueprint.ai.AiDrivenDynamicTest","com.api.blueprint.ai.AiDrivenDynamicTest","generateIntelligentTestsFromSpec"
"","47","AI Generated (Dynamic): Invalid Status Enum value validation","","2026-10-03","skipped","2026-10-03","","com.api.blueprint.ai.AiDrivenDynamicTest","com.api.blueprint.ai.AiDrivenDynamicTest","generateIntelligentTestsFromSpec"
"","0","unterminatedFenceKeepsTheRestOfTheText()","","2026-10-03","passed","2026-10-03","","com.api.blueprint.ai.ClaudeClientTest.FenceStripping","com.api.blueprint.ai.ClaudeClientTest$FenceStripping","unterminatedFenceKeepsTheRestOfTheText"
"","117","Verify Pet Find By Status Endpoint with Various Query Inputs DDT-Status: Querying status 'available,pending' should return code 200","","2026-10-03","passed","2026-10-03","","com.api.blueprint.integration.PetStoreDdtTest","com.api.blueprint.integration.PetStoreDdtTest","findPetsByStatus_Validation"
"Updates a pet's name and status with PUT and verifies the response.","139","updatePet_ShouldModifyStatusAndName()","","2026-10-03","passed","2026-10-03","","com.api.blueprint.integration.PetStoreIntegrationTest","com.api.blueprint.integration.PetStoreIntegrationTest","updatePet_ShouldModifyStatusAndName"
"","27","Verify Order Creation Validation and Boundaries DDT-Order: Placing order petId=2, quantity=5, status=placed should return status 200","","2026-10-03","passed","2026-10-03","","com.api.blueprint.integration.PetStoreDdtTest","com.api.blueprint.integration.PetStoreDdtTest","storeOrder_Validation"
"","31","Verify User Creation Endpoint and Data Validation Boundaries DDT-User: Creating user 'user_4' should return status 200","","2026-10-03","passed","2026-10-03","","com.api.blueprint.integration.PetStoreDdtTest","com.api.blueprint.integration.PetStoreDdtTest","createUser_Validation"
"","28","Verify Order Creation Validation and Boundaries DDT-Order: Placing order petId=20, quantity=1, status=placed should return status 200","","2026-10-03","passed","2026-10-03","","com.api.blueprint.integration.PetStoreDdtTest","com.api.blueprint.integration.PetStoreDdtTest","storeOrder_Validation"
"","30","Verify Pet Creation with Diverse Attributes & Boundaries DDT-Pet: Creating pet 'Sparky-Doo' with status 'available' should return status 200","","2026-10-03","passed","2026-10-03","","com.api.blueprint.integration.PetStoreDdtTest","com.api.blueprint.integration.PetStoreDdtTest","createPet_PayloadValidation"
"","26","Verify User Creation Endpoint and Data Validation Boundaries DDT-User: Creating user 'NullPassUser' should return status 200","","2026-10-03","passed","2026-10-03","","com.api.blueprint.integration.PetStoreDdtTest","com.api.blueprint.integration.PetStoreDdtTest","createUser_Validation"
"","2","jsonFenceIsRemoved()","","2026-10-03","passed","2026-10-03","","com.api.blueprint.ai.ClaudeClientTest.FenceStripping","com.api.blueprint.ai.ClaudeClientTest$FenceStripping","jsonFenceIsRemoved"
"","32","Verify User Creation Endpoint and Data Validation Boundaries DDT-User: Creating user '123456' should return status 200","","2026-10-03","passed","2026-10-03","","com.api.blueprint.integration.PetStoreDdtTest","com.api.blueprint.integration.PetStoreDdtTest","createUser_Validation"
"","28","Verify Order Creation Validation and Boundaries DDT-Order: Placing order petId=6, quantity=0, status=placed should return status 200","","2026-10-03","passed","2026-10-03","","com.api.blueprint.integration.PetStoreDdtTest","com.api.blueprint.integration.PetStoreDdtTest","storeOrder_Validation"
"","193","createUsersWithArray_ShouldCreateEveryUser()","","2026-10-03","passed","2026-10-03","","com.api.blueprint.integration.PetStoreIntegrationTest","com.api.blueprint.integration.PetStoreIntegrationTest","createUsersWithArray_ShouldCreateEveryUser"
"","114","placeOrder_ShouldSucceed()","","2026-10-03","passed","2026-10-03","","com.api.blueprint.integration.PetStoreIntegrationTest","com.api.blueprint.integration.PetStoreIntegrationTest","placeOrder_ShouldSucceed"
"Deletes a pet and verifies a subsequent GET returns HTTP 404 Not Found.","105","getPet_ShouldReturn404AfterDeletion()","","2026-10-03","passed","2026-10-03","","com.api.blueprint.integration.PetStoreIntegrationTest","com.api.blueprint.integration.PetStoreIntegrationTest","getPet_ShouldReturn404AfterDeletion"
"","53","Verify Pet Find By Status Endpoint with Various Query Inputs DDT-Status: Querying status 'pending,sold' should return code 200","","2026-10-03","passed","2026-10-03","","com.api.blueprint.integration.PetStoreDdtTest","com.api.blueprint.integration.PetStoreDdtTest","findPetsByStatus_Validation"
"","49","AI Generated (Dynamic): Missing tag name in nested tags array","","2026-10-03","passed","2026-10-03","","com.api.blueprint.ai.AiDrivenDynamicTest","com.api.blueprint.ai.AiDrivenDynamicTest","generateIntelligentTestsFromSpec"
"","31","Verify Order Creation Validation and Boundaries DDT-Order: Placing order petId=14, quantity=1, status=placed should return status 200","","2026-10-03","passed","2026-10-03","","com.api.blueprint.integration.PetStoreDdtTest","com.api.blueprint.integration.PetStoreDdtTest","storeOrder_Validation"
"","31","Verify Pet Creation with Diverse Attributes & Boundaries DDT-Pet: Creating pet '' with status 'available' should return status 200","","2026-10-03","passed","2026-10-03","","com.api.blueprint.integration.PetStoreDdtTest","com.api.blueprint.integration.PetStoreDdtTest","createPet_PayloadValidation"
"","29","Verify Pet Creation with Diverse Attributes & Boundaries DDT-Pet: Creating pet 'Max' with status 'available' should return status 200","","2026-10-03","passed","2026-10-03","","com.api.blueprint.integration.PetStoreDdtTest","com.api.blueprint.integration.PetStoreDdtTest","createPet_PayloadValidation"
"","31","Verify Pet Creation with Diverse Attributes & Boundaries DDT-Pet: Creating pet 'Luna' with status 'available' should return status 200","","2026-10-03","passed","2026-10-03","","com.api.blueprint.integration.PetStoreDdtTest","com.api.blueprint.integration.PetStoreDdtTest","createPet_PayloadValidation"
"","28","Verify User Creation Endpoint and Data Validation Boundaries DDT-User: Creating user 'veryLongUsernameThatExceedsStandardLengthsForDatabaseValidationAndComplianceTestingCheck' should return status 200","","2026-10-03","passed","2026-10-03","","com.api.blueprint.integration.PetStoreDdtTest","com.api.blueprint.integration.PetStoreDdtTest","createUser_Validation"
"","18","missingBlankOrPlaceholderKeyIsNotConfigured(String) [1] null","","2026-10-03","passed","2026-10-03","","com.api.blueprint.ai.ClaudeClientTest.ApiKey","com.api.blueprint.ai.ClaudeClientTest$ApiKey","missingBlankOrPlaceholderKeyIsNotConfigured"
"","96","deleteOrder_ShouldSucceed()","","2026-10-03","passed","2026-10-03","","com.api.blueprint.integration.PetStoreIntegrationTest","com.api.blueprint.integration.PetStoreIntegrationTest","deleteOrder_ShouldSucceed"
"","89","Verify Pet Find By Status Endpoint with Various Query Inputs DDT-Status: Querying status 'available,pending,sold' should return code 200","","2026-10-03","passed","2026-10-03","","com.api.blueprint.integration.PetStoreDdtTest","com.api.blueprint.integration.PetStoreDdtTest","findPetsByStatus_Validation"
"","30","Verify User Creation Endpoint and Data Validation Boundaries DDT-User: Creating user 'UserNoEmail' should return status 200","","2026-10-03","passed","2026-10-03","","com.api.blueprint.integration.PetStoreDdtTest","com.api.blueprint.integration.PetStoreDdtTest","createUser_Validation"
"","36","getOrder_WithNonExistentId_ShouldReturn404()","","2026-10-03","passed","2026-10-03","","com.api.blueprint.integration.PetStoreIntegrationTest","com.api.blueprint.integration.PetStoreIntegrationTest","getOrder_WithNonExistentId_ShouldReturn404"
"Retrieves a freshly created pet by id and verifies its fields.","119","getPet_ShouldReturnExistingPet()","","2026-10-03","passed","2026-10-03","","com.api.blueprint.integration.PetStoreIntegrationTest","com.api.blueprint.integration.PetStoreIntegrationTest","getPet_ShouldReturnExistingPet"
"","137","Verify Pet Find By Status Endpoint with Various Query Inputs DDT-Status: Querying status 'available' should return code 200","","2026-10-03","passed","2026-10-03","","com.api.blueprint.integration.PetStoreDdtTest","com.api.blueprint.integration.PetStoreDdtTest","findPetsByStatus_Validation"
"","31","Verify Pet Creation with Diverse Attributes & Boundaries DDT-Pet: Creating pet 'A&B' with status 'available' should return status 200","","2026-10-03","passed","2026-10-03","","com.api.blueprint.integration.PetStoreDdtTest","com.api.blueprint.integration.PetStoreDdtTest","createPet_PayloadValidation"
"","0","untaggedFenceIsRemoved()","","2026-10-03","passed","2026-10-03","","com.api.blueprint.ai.ClaudeClientTest.FenceStripping","com.api.blueprint.ai.ClaudeClientTest$FenceStripping","untaggedFenceIsRemoved"
"","35","Verify Pet Creation with Diverse Attributes & Boundaries DDT-Pet: Creating pet 'NullNamePet' with status 'available' should return status 200","","2026-10-03","passed","2026-10-03","","com.api.blueprint.integration.PetStoreDdtTest","com.api.blueprint.integration.PetStoreDdtTest","createPet_PayloadValidation"
"","32","Verify Pet Creation with Diverse Attributes & Boundaries DDT-Pet: Creating pet 'PetWithEmojiName🐶' with status 'available' should return status 200","","2026-10-03","passed","2026-10-03","","com.api.blueprint.integration.PetStoreDdtTest","com.api.blueprint.integration.PetStoreDdtTest","createPet_PayloadValidation"
"","36","Verify Pet Find By Status Endpoint with Various Query Inputs DDT-Status: Querying status 'unknown' should return code 200","","2026-10-03","passed","2026-10-03","","com.api.blueprint.integration.PetStoreDdtTest","com.api.blueprint.integration.PetStoreDdtTest","findPetsByStatus_Validation"
"","38","Verify User Creation Endpoint and Data Validation Boundaries DDT-User: Creating user 'user_with_underscores' should return status 200","","2026-10-03","passed","2026-10-03","","com.api.blueprint.integration.PetStoreDdtTest","com.api.blueprint.integration.PetStoreDdtTest","createUser_Validation"
"","32","Verify User Creation Endpoint and Data Validation Boundaries DDT-User: Creating user 'user_email@domain.com' should return status 200","","2026-10-03","passed","2026-10-03","","com.api.blueprint.integration.PetStoreDdtTest","com.api.blueprint.integration.PetStoreDdtTest","createUser_Validation"
"","33","Verify User Creation Endpoint and Data Validation Boundaries DDT-User: Creating user 'UserNegativeStatus' should return status 200","","2026-10-03","passed","2026-10-03","","com.api.blueprint.integration.PetStoreDdtTest","com.api.blueprint.integration.PetStoreDdtTest","createUser_Validation"
"Authenticates via user/login and checks that a session token message is returned.","79","authenticate_ShouldReturnValidToken()","","2026-10-03","passed","2026-10-03","","com.api.blueprint.integration.PetStoreIntegrationTest","com.api.blueprint.integration.PetStoreIntegrationTest","authenticate_ShouldReturnValidToken"
"","1","environmentVariableWinsOverProperty()","","2026-10-03","passed","2026-10-03","","com.api.blueprint.ai.ClaudeClientTest.ModelResolution","com.api.blueprint.ai.ClaudeClientTest$ModelResolution","environmentVariableWinsOverProperty"
"","67","getInventory_WithInvalidMethodPOST_ShouldReturn405()","","2026-10-03","passed","2026-10-03","","com.api.blueprint.integration.PetStoreIntegrationTest","com.api.blueprint.integration.PetStoreIntegrationTest","getInventory_WithInvalidMethodPOST_ShouldReturn405"
"","31","Verify Order Creation Validation and Boundaries DDT-Order: Placing order petId=null, quantity=1, status=placed should return status 200","","2026-10-03","passed","2026-10-03","","com.api.blueprint.integration.PetStoreDdtTest","com.api.blueprint.integration.PetStoreDdtTest","storeOrder_Validation"
"","33","Verify User Creation Endpoint and Data Validation Boundaries DDT-User: Creating user 'u' should return status 200","","2026-10-03","passed","2026-10-03","","com.api.blueprint.integration.PetStoreDdtTest","com.api.blueprint.integration.PetStoreDdtTest","createUser_Validation"
"","0","missingBlankOrPlaceholderKeyIsNotConfigured(String) [3]    ","","2026-10-03","passed","2026-10-03","","com.api.blueprint.ai.ClaudeClientTest.ApiKey","com.api.blueprint.ai.ClaudeClientTest$ApiKey","missingBlankOrPlaceholderKeyIsNotConfigured"
"","30","loginUser_WithBlankParams_ShouldReturn200Or400()","","2026-10-03","passed","2026-10-03","","com.api.blueprint.integration.PetStoreIntegrationTest","com.api.blueprint.integration.PetStoreIntegrationTest","loginUser_WithBlankParams_ShouldReturn200Or400"
"","86","updateUser_ShouldSucceed()","","2026-10-03","passed","2026-10-03","","com.api.blueprint.integration.PetStoreIntegrationTest","com.api.blueprint.integration.PetStoreIntegrationTest","updateUser_ShouldSucceed"
"","29","deleteOrder_NonExistent_ShouldReturn404()","","2026-10-03","passed","2026-10-03","","com.api.blueprint.integration.PetStoreIntegrationTest","com.api.blueprint.integration.PetStoreIntegrationTest","deleteOrder_NonExistent_ShouldReturn404"
"","763","testCreatePetContract(MockServer)","","2026-10-03","passed","2026-10-03","","com.api.blueprint.contract.PetStoreConsumerContractTest","com.api.blueprint.contract.PetStoreConsumerContractTest","testCreatePetContract"
"","125","getUser_AfterDeletion_ShouldReturn404()","","2026-10-03","passed","2026-10-03","","com.api.blueprint.integration.PetStoreIntegrationTest","com.api.blueprint.integration.PetStoreIntegrationTest","getUser_AfterDeletion_ShouldReturn404"
"","95","Verify Pet Find By Status Endpoint with Various Query Inputs DDT-Status: Querying status 'available,sold' should return code 200","","2026-10-03","passed","2026-10-03","","com.api.blueprint.integration.PetStoreDdtTest","com.api.blueprint.integration.PetStoreDdtTest","findPetsByStatus_Validation"
"","32","Verify User Creation Endpoint and Data Validation Boundaries DDT-User: Creating user 'user.dot' should return status 200","","2026-10-03","passed","2026-10-03","","com.api.blueprint.integration.PetStoreDdtTest","com.api.blueprint.integration.PetStoreDdtTest","createUser_Validation"
"","30","Verify Order Creation Validation and Boundaries DDT-Order: Placing order petId=13, quantity=1, status=placed should return status 200","","2026-10-03","passed","2026-10-03","","com.api.blueprint.integration.PetStoreDdtTest","com.api.blueprint.integration.PetStoreDdtTest","storeOrder_Validation"
"","177","getUser_AfterUpdate_ShouldContainNewDetails()","","2026-10-03","passed","2026-10-03","","com.api.blueprint.integration.PetStoreIntegrationTest","com.api.blueprint.integration.PetStoreIntegrationTest","getUser_AfterUpdate_ShouldContainNewDetails"
"","52","AI Generated (Dynamic): Negative ID inside Nested Category Object","","2026-10-03","passed","2026-10-03","","com.api.blueprint.ai.AiDrivenDynamicTest","com.api.blueprint.ai.AiDrivenDynamicTest","generateIntelligentTestsFromSpec"
