"BROKEN","EPIC","FAILED","FEATURE","PASSED","SKIPPED","STORY","UNKNOWN"
"0","","0","","97","0","","0"
"0","Inventory Management System","0","Pet Lifecycle Operations","1","0","As an administrator, I can create a new pet","0"
"0","Inventory Management System","0","Pet Lifecycle Operations","1","0","As an API client, I can authenticate to get a session token","0"
"0","Inventory Management System","0","Pet Lifecycle Operations","1","0","Validate error handling on retrieving order with non-existent ID","0"
"0","Inventory Management System","0","Pet Lifecycle Operations","1","0","Verify deletion of non-existent order returns 404","0"
"0","Inventory Management System","0","Pet Lifecycle Operations","1","0","As an administrator, I can retrieve pet details by ID","0"
"0","Inventory Management System","0","Pet Lifecycle Operations","1","0","As an administrator, I can delete a pet","0"
"0","Inventory Management System","0","Pet Lifecycle Operations","1","0","Logs user out of system session","0"
"0","Inventory Management System","0","Pet Lifecycle Operations","1","0","Delete user account from system","0"
"0","Inventory Management System","0","Pet Lifecycle Operations","1","0","Retrieve active order details by ID","0"
"0","Inventory Management System","0","Pet Lifecycle Operations","1","0","As an API client, I can find pets by status filter","0"
"0","Inventory Management System","0","Pet Lifecycle Operations","1","0","Verify profile updates took effect","0"
"0","Inventory Management System","0","Pet Lifecycle Operations","1","0","Get created user profile by username","0"
"0","Inventory Management System","0","Pet Lifecycle Operations","1","0","Validate invalid method type on inventory retrieval","0"
"0","Inventory Management System","0","Pet Lifecycle Operations","1","0","Verify that inventory retrieval returns active numbers","0"
"0","Inventory Management System","0","Pet Lifecycle Operations","1","0","Create list of users at once using createWithList","0"
"0","Inventory Management System","0","Pet Lifecycle Operations","1","0","Verify deleted user profile can no longer be retrieved","0"
"0","Inventory Management System","0","Pet Lifecycle Operations","1","0","Perform login with blank username should trigger 400","0"
"0","Inventory Management System","0","Pet Lifecycle Operations","1","0","Create new user record successfully","0"
"0","Inventory Management System","0","Pet Lifecycle Operations","1","0","Delete an order","0"
"0","Inventory Management System","0","Pet Lifecycle Operations","1","0","Update user profile record","0"
"0","Inventory Management System","0","Pet Lifecycle Operations","1","0","Verify placing an order returns 200 details","0"
"0","Inventory Management System","0","Pet Lifecycle Operations","1","0","As a client, retrieving a deleted pet returns 404 error","0"
"0","Inventory Management System","0","Pet Lifecycle Operations","1","0","Verifies GET on a deleted order returns HTTP 404 Not Found.","0"
"0","Inventory Management System","0","Pet Lifecycle Operations","1","0","Get non-existent user profile returns 404","0"
"0","Inventory Management System","0","Pet Lifecycle Operations","1","0","Validate 404 code on non-existent pet ID retrieval","0"
"0","Inventory Management System","0","Pet Lifecycle Operations","1","0","Validate error handling on invalid non-numeric ID format","0"
"0","Inventory Management System","0","Pet Lifecycle Operations","1","0","As an administrator, I can update a pet's details","0"
"0","Inventory Management System","0","Pet Lifecycle Operations","1","0","Create array of users at once using createWithArray","0"
